{
  "Privacy" : {
    "transaction" : "Privacy",
    "sampleCount" : 90576,
    "errorCount" : 6,
    "errorPct" : 0.006624271,
    "meanResTime" : 457.82259097332604,
    "medianResTime" : 138.0,
    "minResTime" : 0.0,
    "maxResTime" : 94094.0,
    "pct1ResTime" : 976.0,
    "pct2ResTime" : 1597.8500000000022,
    "pct3ResTime" : 4238.950000000008,
    "throughput" : 149.5332040117215,
    "receivedKBytesPerSec" : 1550.0103230503735,
    "sentKBytesPerSec" : 64.3943111818482
  },
  "Privacy-0" : {
    "transaction" : "Privacy-0",
    "sampleCount" : 90570,
    "errorCount" : 0,
    "errorPct" : 0.0,
    "meanResTime" : 457.85286518714884,
    "medianResTime" : 138.0,
    "minResTime" : 72.0,
    "maxResTime" : 94094.0,
    "pct1ResTime" : 976.0,
    "pct2ResTime" : 1597.8500000000022,
    "pct3ResTime" : 4238.950000000008,
    "throughput" : 149.52329852655907,
    "receivedKBytesPerSec" : 1549.990057433757,
    "sentKBytesPerSec" : 64.3943111818482
  },
  "Home es" : {
    "transaction" : "Home es",
    "sampleCount" : 90673,
    "errorCount" : 8,
    "errorPct" : 0.008822913,
    "meanResTime" : 438.1751458537802,
    "medianResTime" : 124.0,
    "minResTime" : 0.0,
    "maxResTime" : 63626.0,
    "pct1ResTime" : 948.0,
    "pct2ResTime" : 1474.0,
    "pct3ResTime" : 4446.980000000003,
    "throughput" : 147.47126137672157,
    "receivedKBytesPerSec" : 1146.86308815221,
    "sentKBytesPerSec" : 59.47290751727652
  },
  "Home es-0" : {
    "transaction" : "Home es-0",
    "sampleCount" : 90665,
    "errorCount" : 0,
    "errorPct" : 0.0,
    "meanResTime" : 437.4961892681848,
    "medianResTime" : 124.0,
    "minResTime" : 71.0,
    "maxResTime" : 40163.0,
    "pct1ResTime" : 948.0,
    "pct2ResTime" : 1473.800000000003,
    "pct3ResTime" : 4444.720000000045,
    "throughput" : 150.1667875752366,
    "receivedKBytesPerSec" : 1167.898726805844,
    "sentKBytesPerSec" : 60.56531569196555
  },
  "Total" : {
    "transaction" : "Total",
    "sampleCount" : 544608,
    "errorCount" : 18,
    "errorPct" : 0.0033051295,
    "meanResTime" : 448.29700261473846,
    "medianResTime" : 140.0,
    "minResTime" : 0.0,
    "maxResTime" : 97097.0,
    "pct1ResTime" : 677.0,
    "pct2ResTime" : 1679.0,
    "pct3ResTime" : 6589.0,
    "throughput" : 881.2227554715589,
    "receivedKBytesPerSec" : 7664.0042504725825,
    "sentKBytesPerSec" : 363.4184001975481
  },
  "Home" : {
    "transaction" : "Home",
    "sampleCount" : 91064,
    "errorCount" : 4,
    "errorPct" : 0.004392515,
    "meanResTime" : 449.22133883861875,
    "medianResTime" : 124.0,
    "minResTime" : 0.0,
    "maxResTime" : 97097.0,
    "pct1ResTime" : 956.9000000000015,
    "pct2ResTime" : 1424.0,
    "pct3ResTime" : 4151.910000000014,
    "throughput" : 149.23093562670633,
    "receivedKBytesPerSec" : 1186.8118411209364,
    "sentKBytesPerSec" : 60.18588477072689
  },
  "Home-0" : {
    "transaction" : "Home-0",
    "sampleCount" : 91060,
    "errorCount" : 0,
    "errorPct" : 0.0,
    "meanResTime" : 449.22602679551693,
    "medianResTime" : 124.0,
    "minResTime" : 70.0,
    "maxResTime" : 97097.0,
    "pct1ResTime" : 956.9000000000015,
    "pct2ResTime" : 1424.0,
    "pct3ResTime" : 4151.910000000014,
    "throughput" : 149.22438063524424,
    "receivedKBytesPerSec" : 1186.8001522396767,
    "sentKBytesPerSec" : 60.18522383042565
  }
}