{
  "Privacy" : {
    "transaction" : "Privacy",
    "sampleCount" : 68339,
    "errorCount" : 2,
    "errorPct" : 0.0029265867,
    "meanResTime" : 390.1985835320935,
    "medianResTime" : 109.0,
    "minResTime" : 0.0,
    "maxResTime" : 37607.0,
    "pct1ResTime" : 329.0,
    "pct2ResTime" : 2801.9500000000007,
    "pct3ResTime" : 6427.75000000004,
    "throughput" : 113.52200787722035,
    "receivedKBytesPerSec" : 1176.765021674503,
    "sentKBytesPerSec" : 48.88841829180018
  },
  "Privacy-0" : {
    "transaction" : "Privacy-0",
    "sampleCount" : 68337,
    "errorCount" : 0,
    "errorPct" : 0.0,
    "meanResTime" : 390.20998873231287,
    "medianResTime" : 109.0,
    "minResTime" : 71.0,
    "maxResTime" : 37607.0,
    "pct1ResTime" : 329.0,
    "pct2ResTime" : 2801.9500000000007,
    "pct3ResTime" : 6427.75000000004,
    "throughput" : 113.5186855573773,
    "receivedKBytesPerSec" : 1176.7582245455274,
    "sentKBytesPerSec" : 48.88841829180018
  },
  "Home es" : {
    "transaction" : "Home es",
    "sampleCount" : 68396,
    "errorCount" : 3,
    "errorPct" : 0.0043862215,
    "meanResTime" : 367.4426282238701,
    "medianResTime" : 101.0,
    "minResTime" : 0.0,
    "maxResTime" : 37448.0,
    "pct1ResTime" : 297.0,
    "pct2ResTime" : 2583.800000000003,
    "pct3ResTime" : 6175.990000000002,
    "throughput" : 114.33538669853979,
    "receivedKBytesPerSec" : 889.1958057072826,
    "sentKBytesPerSec" : 46.11176124039836
  },
  "Home es-0" : {
    "transaction" : "Home es-0",
    "sampleCount" : 68393,
    "errorCount" : 0,
    "errorPct" : 0.0,
    "meanResTime" : 367.458555700145,
    "medianResTime" : 101.0,
    "minResTime" : 70.0,
    "maxResTime" : 37448.0,
    "pct1ResTime" : 297.0,
    "pct2ResTime" : 2583.800000000003,
    "pct3ResTime" : 6175.990000000002,
    "throughput" : 114.33037169532184,
    "receivedKBytesPerSec" : 889.1855455200349,
    "sentKBytesPerSec" : 46.11176124039836
  },
  "Total" : {
    "transaction" : "Total",
    "sampleCount" : 410832,
    "errorCount" : 6,
    "errorPct" : 0.0014604509,
    "meanResTime" : 378.5093566226577,
    "medianResTime" : 138.0,
    "minResTime" : 0.0,
    "maxResTime" : 37607.0,
    "pct1ResTime" : 343.0,
    "pct2ResTime" : 2725.850000000002,
    "pct3ResTime" : 4780.990000000002,
    "throughput" : 681.8460190297894,
    "receivedKBytesPerSec" : 5930.207216945159,
    "sentKBytesPerSec" : 281.2008225174639
  },
  "Home" : {
    "transaction" : "Home",
    "sampleCount" : 68684,
    "errorCount" : 1,
    "errorPct" : 0.0014559432,
    "meanResTime" : 377.88273833789714,
    "medianResTime" : 100.0,
    "minResTime" : 0.0,
    "maxResTime" : 36629.0,
    "pct1ResTime" : 305.0,
    "pct2ResTime" : 2693.850000000002,
    "pct3ResTime" : 6282.600000000064,
    "throughput" : 114.1770439044014,
    "receivedKBytesPerSec" : 908.0537242834013,
    "sentKBytesPerSec" : 46.04925056717401
  },
  "Home-0" : {
    "transaction" : "Home-0",
    "sampleCount" : 68683,
    "errorCount" : 0,
    "errorPct" : 0.0,
    "meanResTime" : 377.8882401758781,
    "medianResTime" : 100.0,
    "minResTime" : 71.0,
    "maxResTime" : 36629.0,
    "pct1ResTime" : 305.0,
    "pct2ResTime" : 2693.850000000002,
    "pct3ResTime" : 6282.600000000064,
    "throughput" : 114.17538155154041,
    "receivedKBytesPerSec" : 908.0503232782803,
    "sentKBytesPerSec" : 46.04925056717401
  }
}